filename_baru,kelas,sumber_asal,filename_asli
Berawan_0001.jpg,Berawan,Source 1 (vijayvkb98),cloudy148.jpg
Berawan_0002.jpg,Berawan,Source 1 (vijayvkb98),cloudy11.jpg
Berawan_0003.jpg,Berawan,Source 1 (vijayvkb98),cloudy216.jpg
Berawan_0004.jpg,Berawan,Source 1 (vijayvkb98),cloudy202.jpg
Berawan_0005.jpg,Berawan,Source 1 (vijayvkb98),cloudy193.jpg
Berawan_0006.jpg,Berawan,Source 1 (vijayvkb98),cloudy160.jpg
Berawan_0007.jpg,Berawan,Source 1 (vijayvkb98),cloudy143.jpg
Berawan_0008.jpg,Berawan,Source 1 (vijayvkb98),cloudy7.jpg
Berawan_0009.jpg,Berawan,Source 1 (vijayvkb98),cloudy137.jpg
Berawan_0010.jpg,Berawan,Source 1 (vijayvkb98),cloudy90.jpg
Berawan_0011.jpg,Berawan,Source 1 (vijayvkb98),cloudy285.jpg
Berawan_0012.jpg,Berawan,Source 1 (vijayvkb98),cloudy113.jpg
Berawan_0013.jpg,Berawan,Source 1 (vijayvkb98),cloudy112.jpg
Berawan_0014.jpg,Berawan,Source 1 (vijayvkb98),cloudy139.jpg
Berawan_0015.jpg,Berawan,Source 1 (vijayvkb98),cloudy191(3).jpg
Berawan_0016.jpg,Berawan,Source 1 (vijayvkb98),cloudy198.jpg
Berawan_0017.jpg,Berawan,Source 1 (vijayvkb98),cloudy50.jpg
Berawan_0018.jpg,Berawan,Source 1 (vijayvkb98),cloudy110.jpg
Berawan_0019.jpg,Berawan,Source 1 (vijayvkb98),cloudy77.jpg
Berawan_0020.jpg,Berawan,Source 1 (vijayvkb98),cloudy185.jpg
Berawan_0021.jpg,Berawan,Source 1 (vijayvkb98),cloudy92.jpg
Berawan_0022.jpg,Berawan,Source 1 (vijayvkb98),cloudy283.jpg
Berawan_0023.jpg,Berawan,Source 1 (vijayvkb98),cloudy191.jpg
Berawan_0024.jpg,Berawan,Source 1 (vijayvkb98),cloudy297.jpg
Berawan_0025.jpg,Berawan,Source 1 (vijayvkb98),cloudy218.jpg
Berawan_0026.jpg,Berawan,Source 1 (vijayvkb98),cloudy101.jpg
Berawan_0027.jpg,Berawan,Source 1 (vijayvkb98),cloudy167.jpg
Berawan_0028.jpg,Berawan,Source 1 (vijayvkb98),cloudy9.jpg
Berawan_0029.jpg,Berawan,Source 1 (vijayvkb98),cloudy247.jpg
Berawan_0030.jpg,Berawan,Source 1 (vijayvkb98),cloudy82.jpg
Berawan_0031.jpg,Berawan,Source 1 (vijayvkb98),cloudy166(2).jpg
Berawan_0032.jpg,Berawan,Source 1 (vijayvkb98),cloudy191(2).jpg
Berawan_0033.jpg,Berawan,Source 1 (vijayvkb98),cloudy245.jpg
Berawan_0034.jpg,Berawan,Source 1 (vijayvkb98),cloudy93.jpg
Berawan_0035.jpg,Berawan,Source 1 (vijayvkb98),cloudy87.jpg
Berawan_0036.jpg,Berawan,Source 1 (vijayvkb98),cloudy265.jpg
Berawan_0037.jpg,Berawan,Source 1 (vijayvkb98),cloudy140.jpg
Berawan_0038.jpg,Berawan,Source 1 (vijayvkb98),cloudy255.jpg
Berawan_0039.jpg,Berawan,Source 1 (vijayvkb98),cloudy249.jpg
Berawan_0040.jpg,Berawan,Source 1 (vijayvkb98),cloudy211.jpg
Berawan_0041.jpg,Berawan,Source 1 (vijayvkb98),cloudy117.jpg
Berawan_0042.jpg,Berawan,Source 1 (vijayvkb98),cloudy31.jpg
Berawan_0043.jpg,Berawan,Source 1 (vijayvkb98),cloudy153.jpg
Berawan_0044.jpg,Berawan,Source 1 (vijayvkb98),cloudy264.jpg
Berawan_0045.jpg,Berawan,Source 1 (vijayvkb98),cloudy133.jpg
Berawan_0046.jpg,Berawan,Source 1 (vijayvkb98),cloudy225.jpg
Berawan_0047.jpg,Berawan,Source 1 (vijayvkb98),cloudy257.jpg
Berawan_0048.jpg,Berawan,Source 1 (vijayvkb98),cloudy182.jpg
Berawan_0049.jpg,Berawan,Source 1 (vijayvkb98),cloudy129.jpg
Berawan_0050.jpg,Berawan,Source 1 (vijayvkb98),cloudy118.jpg
Berawan_0051.jpg,Berawan,Source 1 (vijayvkb98),cloudy195.jpg
Berawan_0052.jpg,Berawan,Source 1 (vijayvkb98),cloudy223.jpg
Berawan_0053.jpg,Berawan,Source 1 (vijayvkb98),cloudy59.jpg
Berawan_0054.jpg,Berawan,Source 1 (vijayvkb98),cloudy85.jpg
Berawan_0055.jpg,Berawan,Source 1 (vijayvkb98),cloudy142.jpg
Berawan_0056.jpg,Berawan,Source 1 (vijayvkb98),cloudy67.jpg
Berawan_0057.jpg,Berawan,Source 1 (vijayvkb98),cloudy72.jpg
Berawan_0058.jpg,Berawan,Source 1 (vijayvkb98),cloudy53.jpg
Berawan_0059.jpg,Berawan,Source 1 (vijayvkb98),cloudy236.jpg
Berawan_0060.jpg,Berawan,Source 1 (vijayvkb98),cloudy282.jpg
Berawan_0061.jpg,Berawan,Source 1 (vijayvkb98),cloudy178.jpg
Berawan_0062.jpg,Berawan,Source 1 (vijayvkb98),cloudy134.jpg
Berawan_0063.jpg,Berawan,Source 1 (vijayvkb98),cloudy179.jpg
Berawan_0064.jpg,Berawan,Source 1 (vijayvkb98),cloudy175.jpg
Berawan_0065.jpg,Berawan,Source 1 (vijayvkb98),cloudy144.jpg
Berawan_0066.jpg,Berawan,Source 1 (vijayvkb98),cloudy244.jpg
Berawan_0067.jpg,Berawan,Source 1 (vijayvkb98),cloudy158.jpg
Berawan_0068.jpg,Berawan,Source 1 (vijayvkb98),cloudy251.jpg
Berawan_0069.jpg,Berawan,Source 1 (vijayvkb98),cloudy35.jpg
Berawan_0070.jpg,Berawan,Source 1 (vijayvkb98),cloudy73.jpg
Berawan_0071.jpg,Berawan,Source 1 (vijayvkb98),cloudy239.jpg
Berawan_0072.jpg,Berawan,Source 1 (vijayvkb98),cloudy115.jpg
Berawan_0073.jpg,Berawan,Source 1 (vijayvkb98),cloudy23.jpg
Berawan_0074.jpg,Berawan,Source 1 (vijayvkb98),cloudy48(1).jpg
Berawan_0075.jpg,Berawan,Source 1 (vijayvkb98),cloudy136.jpg
Berawan_0076.jpg,Berawan,Source 1 (vijayvkb98),cloudy212.jpg
Berawan_0077.jpg,Berawan,Source 1 (vijayvkb98),cloudy258.jpg
Berawan_0078.jpg,Berawan,Source 1 (vijayvkb98),cloudy152.jpg
Berawan_0079.jpg,Berawan,Source 1 (vijayvkb98),cloudy45.jpg
Berawan_0080.jpg,Berawan,Source 1 (vijayvkb98),cloudy197.jpg
Berawan_0081.jpg,Berawan,Source 1 (vijayvkb98),cloudy181.jpg
Berawan_0082.jpg,Berawan,Source 1 (vijayvkb98),cloudy159.jpg
Berawan_0083.jpg,Berawan,Source 1 (vijayvkb98),cloudy237.jpg
Berawan_0084.jpg,Berawan,Source 1 (vijayvkb98),cloudy64.jpg
Berawan_0085.jpg,Berawan,Source 1 (vijayvkb98),cloudy48.jpg
Berawan_0086.jpg,Berawan,Source 1 (vijayvkb98),cloudy147.jpg
Berawan_0087.jpg,Berawan,Source 1 (vijayvkb98),cloudy248.jpg
Berawan_0088.jpg,Berawan,Source 1 (vijayvkb98),cloudy169.jpg
Berawan_0089.jpg,Berawan,Source 1 (vijayvkb98),cloudy284.jpg
Berawan_0090.jpg,Berawan,Source 1 (vijayvkb98),cloudy267.jpg
Berawan_0091.jpg,Berawan,Source 1 (vijayvkb98),cloudy269.jpg
Berawan_0092.jpg,Berawan,Source 1 (vijayvkb98),cloudy111.jpg
Berawan_0093.jpg,Berawan,Source 1 (vijayvkb98),cloudy149.jpg
Berawan_0094.jpg,Berawan,Source 1 (vijayvkb98),cloudy28.jpg
Berawan_0095.jpg,Berawan,Source 1 (vijayvkb98),cloudy106.jpg
Berawan_0096.jpg,Berawan,Source 1 (vijayvkb98),cloudy276.jpg
Berawan_0097.jpg,Berawan,Source 1 (vijayvkb98),cloudy166.jpg
Berawan_0098.jpg,Berawan,Source 1 (vijayvkb98),cloudy186.jpg
Berawan_0099.jpg,Berawan,Source 1 (vijayvkb98),cloudy40.jpg
Berawan_0100.jpg,Berawan,Source 1 (vijayvkb98),cloudy89.jpg
Berawan_0101.jpg,Berawan,Source 1 (vijayvkb98),cloudy145.jpg
Berawan_0102.jpg,Berawan,Source 1 (vijayvkb98),cloudy220.jpg
Berawan_0103.jpg,Berawan,Source 1 (vijayvkb98),cloudy65.jpg
Berawan_0104.jpg,Berawan,Source 1 (vijayvkb98),cloudy291.jpg
Berawan_0105.jpg,Berawan,Source 1 (vijayvkb98),cloudy280.jpg
Berawan_0106.jpg,Berawan,Source 1 (vijayvkb98),cloudy240.jpg
Berawan_0107.jpg,Berawan,Source 1 (vijayvkb98),cloudy204.jpg
Berawan_0108.jpg,Berawan,Source 1 (vijayvkb98),cloudy81.jpg
Berawan_0109.jpg,Berawan,Source 1 (vijayvkb98),cloudy238.jpg
Berawan_0110.jpg,Berawan,Source 1 (vijayvkb98),cloudy196.jpg
Berawan_0111.jpg,Berawan,Source 1 (vijayvkb98),cloudy13.jpg
Berawan_0112.jpg,Berawan,Source 1 (vijayvkb98),cloudy157.jpg
Berawan_0113.jpg,Berawan,Source 1 (vijayvkb98),cloudy55.jpg
Berawan_0114.jpg,Berawan,Source 1 (vijayvkb98),cloudy60.jpg
Berawan_0115.jpg,Berawan,Source 1 (vijayvkb98),cloudy261.jpg
Berawan_0116.jpg,Berawan,Source 1 (vijayvkb98),cloudy219.jpg
Berawan_0117.jpg,Berawan,Source 1 (vijayvkb98),cloudy213.jpg
Berawan_0118.jpg,Berawan,Source 1 (vijayvkb98),cloudy270.jpg
Berawan_0119.jpg,Berawan,Source 1 (vijayvkb98),cloudy262.jpg
Berawan_0120.jpg,Berawan,Source 1 (vijayvkb98),cloudy224.jpg
Berawan_0121.jpg,Berawan,Source 1 (vijayvkb98),cloudy191(1).jpg
Berawan_0122.jpg,Berawan,Source 1 (vijayvkb98),cloudy263.jpg
Berawan_0123.jpg,Berawan,Source 1 (vijayvkb98),cloudy8.jpg
Berawan_0124.jpg,Berawan,Source 1 (vijayvkb98),cloudy177.jpg
Berawan_0125.jpg,Berawan,Source 1 (vijayvkb98),cloudy294.jpg
Berawan_0126.jpg,Berawan,Source 1 (vijayvkb98),cloudy27.jpg
Berawan_0127.jpg,Berawan,Source 1 (vijayvkb98),cloudy207.jpg
Berawan_0128.jpg,Berawan,Source 1 (vijayvkb98),cloudy203.jpg
Berawan_0129.jpg,Berawan,Source 1 (vijayvkb98),cloudy54.jpg
Berawan_0130.jpg,Berawan,Source 1 (vijayvkb98),cloudy98.jpg
Berawan_0131.jpg,Berawan,Source 1 (vijayvkb98),cloudy122.jpg
Berawan_0132.jpg,Berawan,Source 1 (vijayvkb98),cloudy132.jpg
Berawan_0133.jpg,Berawan,Source 1 (vijayvkb98),cloudy234.jpg
Berawan_0134.jpg,Berawan,Source 1 (vijayvkb98),cloudy51.jpg
Berawan_0135.jpg,Berawan,Source 1 (vijayvkb98),cloudy38.jpg
Berawan_0136.jpg,Berawan,Source 1 (vijayvkb98),cloudy190.jpg
Berawan_0137.jpg,Berawan,Source 1 (vijayvkb98),cloudy227.jpg
Berawan_0138.jpg,Berawan,Source 1 (vijayvkb98),cloudy281.jpg
Berawan_0139.jpg,Berawan,Source 1 (vijayvkb98),cloudy56.jpg
Berawan_0140.jpg,Berawan,Source 1 (vijayvkb98),cloudy299.jpg
Berawan_0141.jpg,Berawan,Source 1 (vijayvkb98),cloudy293.jpg
Berawan_0142.jpg,Berawan,Source 1 (vijayvkb98),cloudy84.jpg
Berawan_0143.jpg,Berawan,Source 1 (vijayvkb98),cloudy63.jpg
Berawan_0144.jpg,Berawan,Source 1 (vijayvkb98),cloudy154.jpg
Berawan_0145.jpg,Berawan,Source 1 (vijayvkb98),cloudy217.jpg
Berawan_0146.jpg,Berawan,Source 1 (vijayvkb98),cloudy100.jpg
Berawan_0147.jpg,Berawan,Source 1 (vijayvkb98),cloudy123.jpg
Berawan_0148.jpg,Berawan,Source 1 (vijayvkb98),cloudy266.jpg
Berawan_0149.jpg,Berawan,Source 1 (vijayvkb98),cloudy47.jpg
Berawan_0150.jpg,Berawan,Source 1 (vijayvkb98),cloudy172.jpg
Berawan_0151.jpg,Berawan,Source 1 (vijayvkb98),cloudy253.jpg
Berawan_0152.jpg,Berawan,Source 1 (vijayvkb98),cloudy164.jpg
Berawan_0153.jpg,Berawan,Source 1 (vijayvkb98),cloudy86.jpg
Berawan_0154.jpg,Berawan,Source 1 (vijayvkb98),cloudy250.jpg
Berawan_0155.jpg,Berawan,Source 1 (vijayvkb98),cloudy48(2).jpg
Berawan_0156.jpg,Berawan,Source 1 (vijayvkb98),cloudy1.jpg
Berawan_0157.jpg,Berawan,Source 1 (vijayvkb98),cloudy49.jpg
Berawan_0158.jpg,Berawan,Source 1 (vijayvkb98),cloudy205.jpg
Berawan_0159.jpg,Berawan,Source 1 (vijayvkb98),cloudy138.jpg
Berawan_0160.jpg,Berawan,Source 1 (vijayvkb98),cloudy206.jpg
Berawan_0161.jpg,Berawan,Source 1 (vijayvkb98),cloudy121.jpg
Berawan_0162.jpg,Berawan,Source 1 (vijayvkb98),cloudy165(1).jpg
Berawan_0163.jpg,Berawan,Source 1 (vijayvkb98),cloudy41.jpg
Berawan_0164.jpg,Berawan,Source 1 (vijayvkb98),cloudy141.jpg
Berawan_0165.jpg,Berawan,Source 1 (vijayvkb98),cloudy252.jpg
Berawan_0166.jpg,Berawan,Source 1 (vijayvkb98),cloudy18.jpg
Berawan_0167.jpg,Berawan,Source 1 (vijayvkb98),cloudy30.jpg
Berawan_0168.jpg,Berawan,Source 1 (vijayvkb98),cloudy214.jpg
Berawan_0169.jpg,Berawan,Source 1 (vijayvkb98),cloudy242.jpg
Berawan_0170.jpg,Berawan,Source 1 (vijayvkb98),cloudy230.jpg
Berkabut_0001.jpg,Berkabut,Source 1 (vijayvkb98),haze-077.jpg
Berkabut_0002.jpg,Berkabut,Source 1 (vijayvkb98),mist-067.jpg
Berkabut_0003.jpg,Berkabut,Source 1 (vijayvkb98),foggy-011.jpg
Berkabut_0004.jpg,Berkabut,Source 1 (vijayvkb98),foggy-064.jpg
Berkabut_0005.jpg,Berkabut,Source 1 (vijayvkb98),haze-099.jpg
Berkabut_0006.jpg,Berkabut,Source 1 (vijayvkb98),haze-066.jpg
Berkabut_0007.jpg,Berkabut,Source 1 (vijayvkb98),haze-024.jpg
Berkabut_0008.jpg,Berkabut,Source 1 (vijayvkb98),foggy-034.jpg
Berkabut_0009.jpg,Berkabut,Source 1 (vijayvkb98),haze-026.jpg
Berkabut_0010.jpg,Berkabut,Source 1 (vijayvkb98),mist-168.jpg
Berkabut_0011.jpg,Berkabut,Source 1 (vijayvkb98),foggy-045.jpg
Berkabut_0012.jpg,Berkabut,Source 1 (vijayvkb98),foggy-048.jpg
Berkabut_0013.jpg,Berkabut,Source 1 (vijayvkb98),mist-063.jpg
Berkabut_0014.jpg,Berkabut,Source 1 (vijayvkb98),foggy-040.jpg
Berkabut_0015.jpg,Berkabut,Source 1 (vijayvkb98),mist-123.jpg
Berkabut_0016.jpg,Berkabut,Source 1 (vijayvkb98),foggy-072.jpg
Berkabut_0017.jpg,Berkabut,Source 1 (vijayvkb98),foggy-073.jpg
Berkabut_0018.jpg,Berkabut,Source 1 (vijayvkb98),mist-053.jpg
Berkabut_0019.jpg,Berkabut,Source 1 (vijayvkb98),mist-145.jpg
Berkabut_0020.jpg,Berkabut,Source 1 (vijayvkb98),foggy-093.jpg
Berkabut_0021.jpg,Berkabut,Source 1 (vijayvkb98),haze-040.jpg
Berkabut_0022.jpg,Berkabut,Source 1 (vijayvkb98),mist-121.jpg
Berkabut_0023.jpg,Berkabut,Source 1 (vijayvkb98),haze-149.jpg
Berkabut_0024.jpg,Berkabut,Source 1 (vijayvkb98),haze-006.jpg
Berkabut_0025.jpg,Berkabut,Source 1 (vijayvkb98),foggy-113.jpg
Berkabut_0026.jpg,Berkabut,Source 1 (vijayvkb98),haze-068.jpg
Berkabut_0027.jpg,Berkabut,Source 1 (vijayvkb98),haze-128.jpg
Berkabut_0028.jpg,Berkabut,Source 1 (vijayvkb98),haze-105.jpg
Berkabut_0029.jpg,Berkabut,Source 1 (vijayvkb98),mist-016.jpg
Berkabut_0030.jpg,Berkabut,Source 1 (vijayvkb98),mist-111.jpg
Berkabut_0031.jpg,Berkabut,Source 1 (vijayvkb98),mist-030.jpg
Berkabut_0032.jpg,Berkabut,Source 1 (vijayvkb98),foggy-068.jpg
Berkabut_0033.jpg,Berkabut,Source 1 (vijayvkb98),haze-029.jpg
Berkabut_0034.jpg,Berkabut,Source 1 (vijayvkb98),haze-016.jpg
Berkabut_0035.jpg,Berkabut,Source 1 (vijayvkb98),foggy-037.jpg
Berkabut_0036.jpg,Berkabut,Source 1 (vijayvkb98),haze-086.jpg
Berkabut_0037.jpg,Berkabut,Source 1 (vijayvkb98),foggy-012.jpg
Berkabut_0038.jpg,Berkabut,Source 1 (vijayvkb98),haze-019.jpg
Berkabut_0039.jpg,Berkabut,Source 1 (vijayvkb98),haze-011.jpg
Berkabut_0040.jpg,Berkabut,Source 1 (vijayvkb98),foggy-004.jpg
Berkabut_0041.jpg,Berkabut,Source 1 (vijayvkb98),foggy-041.jpg
Berkabut_0042.jpg,Berkabut,Source 1 (vijayvkb98),foggy-035.jpg
Berkabut_0043.jpg,Berkabut,Source 1 (vijayvkb98),mist-109.jpg
Berkabut_0044.jpg,Berkabut,Source 1 (vijayvkb98),foggy-039.jpg
Berkabut_0045.jpg,Berkabut,Source 1 (vijayvkb98),foggy-019.jpg
Berkabut_0046.jpg,Berkabut,Source 1 (vijayvkb98),mist-003.jpg
Berkabut_0047.jpg,Berkabut,Source 1 (vijayvkb98),mist-143.jpg
Berkabut_0048.jpg,Berkabut,Source 1 (vijayvkb98),foggy-022.jpg
Berkabut_0049.jpg,Berkabut,Source 1 (vijayvkb98),haze-036.jpg
Berkabut_0050.jpg,Berkabut,Source 1 (vijayvkb98),foggy-067.jpg
Berkabut_0051.jpg,Berkabut,Source 1 (vijayvkb98),foggy-079.jpg
Berkabut_0052.jpg,Berkabut,Source 1 (vijayvkb98),haze-084.jpg
Berkabut_0053.jpg,Berkabut,Source 1 (vijayvkb98),haze-027.jpg
Berkabut_0054.jpg,Berkabut,Source 1 (vijayvkb98),foggy-061.jpg
Berkabut_0055.jpg,Berkabut,Source 1 (vijayvkb98),haze-043.jpg
Berkabut_0056.jpg,Berkabut,Source 1 (vijayvkb98),foggy-038.jpg
Berkabut_0057.jpg,Berkabut,Source 1 (vijayvkb98),mist-922.jpg
Berkabut_0058.jpg,Berkabut,Source 1 (vijayvkb98),mist-046.jpg
Berkabut_0059.jpg,Berkabut,Source 1 (vijayvkb98),mist-019.jpg
Berkabut_0060.jpg,Berkabut,Source 1 (vijayvkb98),haze-053.jpg
Berkabut_0061.jpg,Berkabut,Source 1 (vijayvkb98),haze-054.jpg
Berkabut_0062.jpg,Berkabut,Source 1 (vijayvkb98),haze-023.jpg
Berkabut_0063.jpg,Berkabut,Source 1 (vijayvkb98),foggy-069.jpg
Berkabut_0064.jpg,Berkabut,Source 1 (vijayvkb98),haze-121.jpg
Berkabut_0065.jpg,Berkabut,Source 1 (vijayvkb98),mist-043.jpg
Berkabut_0066.jpg,Berkabut,Source 1 (vijayvkb98),haze-130.jpg
Berkabut_0067.jpg,Berkabut,Source 1 (vijayvkb98),haze-002.jpg
Berkabut_0068.jpg,Berkabut,Source 1 (vijayvkb98),foggy-055.jpg
Berkabut_0069.jpg,Berkabut,Source 1 (vijayvkb98),foggy-028.jpg
Berkabut_0070.jpg,Berkabut,Source 1 (vijayvkb98),mist-120.jpg
Berkabut_0071.jpg,Berkabut,Source 1 (vijayvkb98),haze-081.jpg
Berkabut_0072.jpg,Berkabut,Source 1 (vijayvkb98),haze-009.jpg
Berkabut_0073.jpg,Berkabut,Source 1 (vijayvkb98),foggy-099.jpg
Berkabut_0074.jpg,Berkabut,Source 1 (vijayvkb98),mist-138.jpg
Berkabut_0075.jpg,Berkabut,Source 1 (vijayvkb98),haze-003.jpg
Berkabut_0076.jpg,Berkabut,Source 1 (vijayvkb98),haze-021.jpg
Berkabut_0077.jpg,Berkabut,Source 1 (vijayvkb98),mist-009.jpg
Berkabut_0078.jpg,Berkabut,Source 1 (vijayvkb98),haze-100.jpg
Berkabut_0079.jpg,Berkabut,Source 1 (vijayvkb98),foggy-016.jpg
Berkabut_0080.jpg,Berkabut,Source 1 (vijayvkb98),haze-085.jpg
Berkabut_0081.jpg,Berkabut,Source 1 (vijayvkb98),haze-080.jpg
Berkabut_0082.jpg,Berkabut,Source 1 (vijayvkb98),mist-971.jpg
Berkabut_0083.jpg,Berkabut,Source 1 (vijayvkb98),foggy-029.jpg
Berkabut_0084.jpg,Berkabut,Source 1 (vijayvkb98),foggy-018.jpg
Berkabut_0085.jpg,Berkabut,Source 1 (vijayvkb98),foggy-114.jpg
Berkabut_0086.jpg,Berkabut,Source 1 (vijayvkb98),mist-013.jpg
Berkabut_0087.jpg,Berkabut,Source 1 (vijayvkb98),foggy-095.jpg
Berkabut_0088.jpg,Berkabut,Source 1 (vijayvkb98),mist-124.jpg
Berkabut_0089.jpg,Berkabut,Source 1 (vijayvkb98),foggy-031.jpg
Berkabut_0090.jpg,Berkabut,Source 1 (vijayvkb98),foggy-070.jpg
Berkabut_0091.jpg,Berkabut,Source 1 (vijayvkb98),foggy-056.jpg
Berkabut_0092.jpg,Berkabut,Source 1 (vijayvkb98),mist-033.jpg
Berkabut_0093.jpg,Berkabut,Source 1 (vijayvkb98),haze-042.jpg
Berkabut_0094.jpg,Berkabut,Source 1 (vijayvkb98),haze-013.jpg
Berkabut_0095.jpg,Berkabut,Source 1 (vijayvkb98),mist-152.jpg
Berkabut_0096.jpg,Berkabut,Source 1 (vijayvkb98),mist-020.jpg
Berkabut_0097.jpg,Berkabut,Source 1 (vijayvkb98),foggy-051.jpg
Berkabut_0098.jpg,Berkabut,Source 1 (vijayvkb98),mist-064.jpg
Berkabut_0099.jpg,Berkabut,Source 1 (vijayvkb98),haze-020.jpg
Berkabut_0100.jpg,Berkabut,Source 1 (vijayvkb98),haze-136.jpg
Berkabut_0101.jpg,Berkabut,Source 1 (vijayvkb98),foggy-023.jpg
Berkabut_0102.jpg,Berkabut,Source 1 (vijayvkb98),haze-012.jpg
Berkabut_0103.jpg,Berkabut,Source 1 (vijayvkb98),haze-045.jpg
Berkabut_0104.jpg,Berkabut,Source 1 (vijayvkb98),haze-150.jpg
Berkabut_0105.jpg,Berkabut,Source 1 (vijayvkb98),foggy-015.jpg
Berkabut_0106.jpg,Berkabut,Source 1 (vijayvkb98),haze-078.jpg
Berkabut_0107.jpg,Berkabut,Source 1 (vijayvkb98),mist-059.jpg
Berkabut_0108.jpg,Berkabut,Source 1 (vijayvkb98),mist-101.jpg
Berkabut_0109.jpg,Berkabut,Source 1 (vijayvkb98),foggy-027.jpg
Berkabut_0110.jpg,Berkabut,Source 1 (vijayvkb98),mist-966.jpg
Berkabut_0111.jpg,Berkabut,Source 1 (vijayvkb98),foggy-047.jpg
Berkabut_0112.jpg,Berkabut,Source 1 (vijayvkb98),mist-034.jpg
Berkabut_0113.jpg,Berkabut,Source 1 (vijayvkb98),mist-062.jpg
Berkabut_0114.jpg,Berkabut,Source 1 (vijayvkb98),mist-176.jpg
Berkabut_0115.jpg,Berkabut,Source 1 (vijayvkb98),mist-061.jpg
Berkabut_0116.jpg,Berkabut,Source 1 (vijayvkb98),mist-137.jpg
Berkabut_0117.jpg,Berkabut,Source 1 (vijayvkb98),mist-140.jpg
Berkabut_0118.jpg,Berkabut,Source 1 (vijayvkb98),haze-103.jpg
Berkabut_0119.jpg,Berkabut,Source 1 (vijayvkb98),foggy-107.jpg
Berkabut_0120.jpg,Berkabut,Source 1 (vijayvkb98),foggy-001.jpg
Berkabut_0121.jpg,Berkabut,Source 1 (vijayvkb98),foggy-109.jpg
Berkabut_0122.jpg,Berkabut,Source 1 (vijayvkb98),foggy-075.jpg
Berkabut_0123.jpg,Berkabut,Source 1 (vijayvkb98),haze-018.jpg
Berkabut_0124.jpg,Berkabut,Source 1 (vijayvkb98),foggy-081.jpg
Berkabut_0125.jpg,Berkabut,Source 1 (vijayvkb98),haze-141.jpg
Berkabut_0126.jpg,Berkabut,Source 1 (vijayvkb98),haze-048.jpg
Berkabut_0127.jpg,Berkabut,Source 1 (vijayvkb98),haze-082.jpg
Berkabut_0128.jpg,Berkabut,Source 1 (vijayvkb98),haze-101.jpg
Berkabut_0129.jpg,Berkabut,Source 1 (vijayvkb98),foggy-044.jpg
Berkabut_0130.jpg,Berkabut,Source 1 (vijayvkb98),haze-134.jpg
Berkabut_0131.jpg,Berkabut,Source 1 (vijayvkb98),foggy-084.jpg
Berkabut_0132.jpg,Berkabut,Source 1 (vijayvkb98),foggy-062.jpg
Berkabut_0133.jpg,Berkabut,Source 1 (vijayvkb98),foggy-017.jpg
Berkabut_0134.jpg,Berkabut,Source 1 (vijayvkb98),haze-056.jpg
Berkabut_0135.jpg,Berkabut,Source 1 (vijayvkb98),haze-109.jpg
Berkabut_0136.jpg,Berkabut,Source 1 (vijayvkb98),haze-097.jpg
Berkabut_0137.jpg,Berkabut,Source 1 (vijayvkb98),foggy-089.jpg
Berkabut_0138.jpg,Berkabut,Source 1 (vijayvkb98),mist-002.jpg
Berkabut_0139.jpg,Berkabut,Source 1 (vijayvkb98),haze-111.jpg
Berkabut_0140.jpg,Berkabut,Source 1 (vijayvkb98),haze-057.jpg
Berkabut_0141.jpg,Berkabut,Source 1 (vijayvkb98),mist-189.jpg
Berkabut_0142.jpg,Berkabut,Source 1 (vijayvkb98),haze-031.jpg
Berkabut_0143.jpg,Berkabut,Source 1 (vijayvkb98),mist-142.jpg
Berkabut_0144.jpg,Berkabut,Source 1 (vijayvkb98),mist-163.jpg
Berkabut_0145.jpg,Berkabut,Source 1 (vijayvkb98),haze-072.jpg
Berkabut_0146.jpg,Berkabut,Source 1 (vijayvkb98),haze-033.jpg
Berkabut_0147.jpg,Berkabut,Source 1 (vijayvkb98),foggy-024.jpg
Berkabut_0148.jpg,Berkabut,Source 1 (vijayvkb98),foggy-053.jpg
Berkabut_0149.jpg,Berkabut,Source 1 (vijayvkb98),foggy-020.jpg
Berkabut_0150.jpg,Berkabut,Source 1 (vijayvkb98),haze-059.jpg
Berkabut_0151.jpg,Berkabut,Source 1 (vijayvkb98),haze-104.jpg
Berkabut_0152.jpg,Berkabut,Source 1 (vijayvkb98),haze-148.jpg
Berkabut_0153.jpg,Berkabut,Source 1 (vijayvkb98),mist-088.jpg
Berkabut_0154.jpg,Berkabut,Source 1 (vijayvkb98),haze-051.jpg
Berkabut_0155.jpg,Berkabut,Source 1 (vijayvkb98),mist-041.jpg
Berkabut_0156.jpg,Berkabut,Source 1 (vijayvkb98),mist-110.jpg
Berkabut_0157.jpg,Berkabut,Source 1 (vijayvkb98),haze-061.jpg
Berkabut_0158.jpg,Berkabut,Source 1 (vijayvkb98),haze-005.jpg
Berkabut_0159.jpg,Berkabut,Source 1 (vijayvkb98),haze-038.jpg
Berkabut_0160.jpg,Berkabut,Source 1 (vijayvkb98),haze-074.jpg
Berkabut_0161.jpg,Berkabut,Source 1 (vijayvkb98),foggy-074.jpg
Berkabut_0162.jpg,Berkabut,Source 1 (vijayvkb98),foggy-059.jpg
Berkabut_0163.jpg,Berkabut,Source 1 (vijayvkb98),haze-115.jpg
Berkabut_0164.jpg,Berkabut,Source 1 (vijayvkb98),mist-119.jpg
Berkabut_0165.jpg,Berkabut,Source 1 (vijayvkb98),haze-092.jpg
Berkabut_0166.jpg,Berkabut,Source 1 (vijayvkb98),foggy-112.jpg
Berkabut_0167.jpg,Berkabut,Source 1 (vijayvkb98),mist-057.jpg
Berkabut_0168.jpg,Berkabut,Source 1 (vijayvkb98),foggy-085.jpg
Berkabut_0169.jpg,Berkabut,Source 1 (vijayvkb98),mist-084.jpg
Berkabut_0170.jpg,Berkabut,Source 1 (vijayvkb98),haze-132.jpg
Cerah_0001.jpg,Cerah,Source 2 (jonathanvitotaufik),cerah001.jpg
Cerah_0002.jpg,Cerah,Source 2 (jonathanvitotaufik),cerah002.jpg
Cerah_0003.jpg,Cerah,Source 2 (jonathanvitotaufik),cerah003.jpg
Cerah_0004.jpg,Cerah,Source 2 (jonathanvitotaufik),cerah004.jpg
Cerah_0005.jpg,Cerah,Source 2 (jonathanvitotaufik),cerah005.jpg
Cerah_0006.jpg,Cerah,Source 2 (jonathanvitotaufik),cerah006.jpg
Cerah_0007.jpg,Cerah,Source 2 (jonathanvitotaufik),cerah007.jpg
Cerah_0008.jpg,Cerah,Source 2 (jonathanvitotaufik),cerah008.jpg
Cerah_0009.jpg,Cerah,Source 2 (jonathanvitotaufik),cerah009.jpg
Cerah_0010.jpg,Cerah,Source 2 (jonathanvitotaufik),cerah010.jpg
Cerah_0011.jpg,Cerah,Source 2 (jonathanvitotaufik),cerah011.jpg
Cerah_0012.jpg,Cerah,Source 2 (jonathanvitotaufik),cerah012.jpg
Cerah_0013.jpg,Cerah,Source 2 (jonathanvitotaufik),cerah013.jpg
Cerah_0014.jpg,Cerah,Source 2 (jonathanvitotaufik),cerah014.jpg
Cerah_0015.jpg,Cerah,Source 2 (jonathanvitotaufik),cerah015.jpg
Cerah_0016.jpg,Cerah,Source 2 (jonathanvitotaufik),cerah016.jpg
Cerah_0017.jpg,Cerah,Source 2 (jonathanvitotaufik),cerah017.jpg
Cerah_0018.jpg,Cerah,Source 2 (jonathanvitotaufik),cerah018.jpg
Cerah_0019.jpg,Cerah,Source 2 (jonathanvitotaufik),cerah019.jpg
Cerah_0020.jpg,Cerah,Source 2 (jonathanvitotaufik),cerah020.jpg
Cerah_0021.jpg,Cerah,Source 2 (jonathanvitotaufik),cerah021.jpg
Cerah_0022.jpg,Cerah,Source 2 (jonathanvitotaufik),cerah022.jpg
Cerah_0023.jpg,Cerah,Source 2 (jonathanvitotaufik),cerah023.jpg
Cerah_0024.jpg,Cerah,Source 2 (jonathanvitotaufik),cerah024.jpg
Cerah_0025.jpg,Cerah,Source 2 (jonathanvitotaufik),cerah025.jpg
Cerah_0026.jpg,Cerah,Source 2 (jonathanvitotaufik),cerah026.jpg
Cerah_0027.jpg,Cerah,Source 2 (jonathanvitotaufik),cerah027.jpg
Cerah_0028.jpg,Cerah,Source 2 (jonathanvitotaufik),cerah028.jpg
Cerah_0029.jpg,Cerah,Source 2 (jonathanvitotaufik),cerah029.jpg
Cerah_0030.jpg,Cerah,Source 2 (jonathanvitotaufik),cerah030.jpg
Cerah_0031.jpg,Cerah,Source 2 (jonathanvitotaufik),cerah031.jpg
Cerah_0032.jpg,Cerah,Source 2 (jonathanvitotaufik),cerah032.jpg
Cerah_0033.jpg,Cerah,Source 2 (jonathanvitotaufik),cerah033.jpg
Cerah_0034.jpg,Cerah,Source 2 (jonathanvitotaufik),cerah034.jpg
Cerah_0035.jpg,Cerah,Source 2 (jonathanvitotaufik),cerah035.jpg
Cerah_0036.jpg,Cerah,Source 2 (jonathanvitotaufik),cerah036.jpg
Cerah_0037.jpg,Cerah,Source 2 (jonathanvitotaufik),cerah037.jpg
Cerah_0038.jpg,Cerah,Source 2 (jonathanvitotaufik),cerah038.jpg
Cerah_0039.jpg,Cerah,Source 2 (jonathanvitotaufik),cerah039.jpg
Cerah_0040.jpg,Cerah,Source 2 (jonathanvitotaufik),cerah040.jpg
Cerah_0041.jpg,Cerah,Source 2 (jonathanvitotaufik),cerah041.jpg
Cerah_0042.jpg,Cerah,Source 2 (jonathanvitotaufik),cerah042.jpg
Cerah_0043.jpg,Cerah,Source 2 (jonathanvitotaufik),cerah043.jpg
Cerah_0044.jpg,Cerah,Source 2 (jonathanvitotaufik),cerah044.jpg
Cerah_0045.jpg,Cerah,Source 2 (jonathanvitotaufik),cerah045.jpg
Cerah_0046.jpg,Cerah,Source 2 (jonathanvitotaufik),cerah046.jpg
Cerah_0047.jpg,Cerah,Source 2 (jonathanvitotaufik),cerah047.jpg
Cerah_0048.jpg,Cerah,Source 2 (jonathanvitotaufik),cerah048.jpg
Cerah_0049.jpg,Cerah,Source 2 (jonathanvitotaufik),cerah049.jpg
Cerah_0050.jpg,Cerah,Source 2 (jonathanvitotaufik),cerah050.jpg
Cerah_0051.jpg,Cerah,Source 2 (jonathanvitotaufik),cerah051.jpg
Cerah_0052.jpg,Cerah,Source 2 (jonathanvitotaufik),cerah052.jpg
Cerah_0053.jpg,Cerah,Source 2 (jonathanvitotaufik),cerah053.jpg
Cerah_0054.jpg,Cerah,Source 2 (jonathanvitotaufik),cerah054.jpg
Cerah_0055.jpg,Cerah,Source 2 (jonathanvitotaufik),cerah055.jpg
Cerah_0056.jpg,Cerah,Source 2 (jonathanvitotaufik),cerah056.jpg
Cerah_0057.jpg,Cerah,Source 2 (jonathanvitotaufik),cerah057.jpg
Cerah_0058.jpg,Cerah,Source 2 (jonathanvitotaufik),cerah058.jpg
Cerah_0059.jpg,Cerah,Source 2 (jonathanvitotaufik),cerah059.jpg
Cerah_0060.jpg,Cerah,Source 2 (jonathanvitotaufik),cerah060.jpg
Cerah_0061.jpg,Cerah,Source 2 (jonathanvitotaufik),cerah061.jpg
Cerah_0062.jpg,Cerah,Source 2 (jonathanvitotaufik),cerah062.jpg
Cerah_0063.jpg,Cerah,Source 2 (jonathanvitotaufik),cerah063.jpg
Cerah_0064.jpg,Cerah,Source 2 (jonathanvitotaufik),cerah064.jpg
Cerah_0065.jpg,Cerah,Source 2 (jonathanvitotaufik),cerah065.jpg
Cerah_0066.jpg,Cerah,Source 2 (jonathanvitotaufik),cerah066.jpg
Cerah_0067.jpg,Cerah,Source 2 (jonathanvitotaufik),cerah067.jpg
Cerah_0068.jpg,Cerah,Source 2 (jonathanvitotaufik),cerah068.jpg
Cerah_0069.jpg,Cerah,Source 2 (jonathanvitotaufik),cerah069.jpg
Cerah_0070.jpg,Cerah,Source 2 (jonathanvitotaufik),cerah070.jpg
Cerah_0071.jpg,Cerah,Source 2 (jonathanvitotaufik),cerah071.jpg
Cerah_0072.jpg,Cerah,Source 2 (jonathanvitotaufik),cerah072.jpg
Cerah_0073.jpg,Cerah,Source 2 (jonathanvitotaufik),cerah073.jpg
Cerah_0074.jpg,Cerah,Source 2 (jonathanvitotaufik),cerah074.jpg
Cerah_0075.jpg,Cerah,Source 2 (jonathanvitotaufik),cerah075.jpg
Cerah_0076.jpg,Cerah,Source 2 (jonathanvitotaufik),cerah076.jpg
Cerah_0077.jpg,Cerah,Source 2 (jonathanvitotaufik),cerah077.jpg
Cerah_0078.jpg,Cerah,Source 2 (jonathanvitotaufik),cerah078.jpg
Cerah_0079.jpg,Cerah,Source 2 (jonathanvitotaufik),cerah079.jpg
Cerah_0080.jpg,Cerah,Source 2 (jonathanvitotaufik),cerah080.jpg
Cerah_0081.jpg,Cerah,Source 2 (jonathanvitotaufik),cerah081.jpg
Cerah_0082.jpg,Cerah,Source 2 (jonathanvitotaufik),cerah082.jpg
Cerah_0083.jpg,Cerah,Source 2 (jonathanvitotaufik),cerah083.jpg
Cerah_0084.jpg,Cerah,Source 2 (jonathanvitotaufik),cerah084.jpg
Cerah_0085.jpg,Cerah,Source 2 (jonathanvitotaufik),cerah085.jpg
Cerah_0086.jpg,Cerah,Source 2 (jonathanvitotaufik),cerah086.jpg
Cerah_0087.jpg,Cerah,Source 2 (jonathanvitotaufik),cerah087.jpg
Cerah_0088.jpg,Cerah,Source 2 (jonathanvitotaufik),cerah088.jpg
Cerah_0089.jpg,Cerah,Source 2 (jonathanvitotaufik),cerah089.jpg
Cerah_0090.jpg,Cerah,Source 2 (jonathanvitotaufik),cerah090.jpg
Cerah_0091.jpg,Cerah,Source 2 (jonathanvitotaufik),cerah091.jpg
Cerah_0092.jpg,Cerah,Source 2 (jonathanvitotaufik),cerah092.jpg
Cerah_0093.jpg,Cerah,Source 2 (jonathanvitotaufik),cerah093.jpg
Cerah_0094.jpg,Cerah,Source 2 (jonathanvitotaufik),cerah094.jpg
Cerah_0095.jpg,Cerah,Source 2 (jonathanvitotaufik),cerah095.jpg
Cerah_0096.jpg,Cerah,Source 2 (jonathanvitotaufik),cerah096.jpg
Cerah_0097.jpg,Cerah,Source 2 (jonathanvitotaufik),cerah097.jpg
Cerah_0098.jpg,Cerah,Source 2 (jonathanvitotaufik),cerah098.jpg
Cerah_0099.jpg,Cerah,Source 2 (jonathanvitotaufik),cerah099.jpg
Cerah_0100.jpg,Cerah,Source 2 (jonathanvitotaufik),cerah100.jpg
Cerah_0101.jpg,Cerah,Source 2 (jonathanvitotaufik),cerah101.jpg
Cerah_0102.jpg,Cerah,Source 2 (jonathanvitotaufik),cerah102.jpg
Cerah_0103.jpg,Cerah,Source 2 (jonathanvitotaufik),cerah103.jpg
Cerah_0104.jpg,Cerah,Source 2 (jonathanvitotaufik),cerah104.jpg
Cerah_0105.jpg,Cerah,Source 2 (jonathanvitotaufik),cerah105.jpg
Cerah_0106.jpg,Cerah,Source 2 (jonathanvitotaufik),cerah106.jpg
Cerah_0107.jpg,Cerah,Source 2 (jonathanvitotaufik),cerah107.jpg
Cerah_0108.jpg,Cerah,Source 2 (jonathanvitotaufik),cerah108.jpg
Cerah_0109.jpg,Cerah,Source 2 (jonathanvitotaufik),cerah109.jpg
Cerah_0110.jpg,Cerah,Source 2 (jonathanvitotaufik),cerah110.jpg
Cerah_0111.jpg,Cerah,Source 2 (jonathanvitotaufik),cerah111.jpg
Cerah_0112.jpg,Cerah,Source 2 (jonathanvitotaufik),cerah112.jpg
Cerah_0113.jpg,Cerah,Source 2 (jonathanvitotaufik),cerah113.jpg
Cerah_0114.jpg,Cerah,Source 2 (jonathanvitotaufik),cerah114.jpg
Cerah_0115.jpg,Cerah,Source 2 (jonathanvitotaufik),cerah115.jpg
Cerah_0116.jpg,Cerah,Source 2 (jonathanvitotaufik),cerah116.jpg
Cerah_0117.jpg,Cerah,Source 2 (jonathanvitotaufik),cerah117.jpg
Cerah_0118.jpg,Cerah,Source 2 (jonathanvitotaufik),cerah118.jpg
Cerah_0119.jpg,Cerah,Source 2 (jonathanvitotaufik),cerah119.jpg
Cerah_0120.jpg,Cerah,Source 2 (jonathanvitotaufik),cerah120.jpg
Cerah_0121.jpg,Cerah,Source 2 (jonathanvitotaufik),cerah121.jpg
Cerah_0122.jpg,Cerah,Source 2 (jonathanvitotaufik),cerah122.jpg
Cerah_0123.jpg,Cerah,Source 2 (jonathanvitotaufik),cerah123.jpg
Cerah_0124.jpg,Cerah,Source 2 (jonathanvitotaufik),cerah124.jpg
Cerah_0125.jpg,Cerah,Source 2 (jonathanvitotaufik),cerah125.jpg
Cerah_0126.jpg,Cerah,Source 2 (jonathanvitotaufik),cerah126.jpg
Cerah_0127.jpg,Cerah,Source 2 (jonathanvitotaufik),cerah127.jpg
Cerah_0128.jpg,Cerah,Source 2 (jonathanvitotaufik),cerah128.jpg
Cerah_0129.jpg,Cerah,Source 2 (jonathanvitotaufik),cerah129.jpg
Cerah_0130.jpg,Cerah,Source 2 (jonathanvitotaufik),cerah130.jpg
Cerah_0131.jpg,Cerah,Source 2 (jonathanvitotaufik),cerah131.jpg
Cerah_0132.jpg,Cerah,Source 2 (jonathanvitotaufik),cerah132.jpg
Cerah_0133.jpg,Cerah,Source 2 (jonathanvitotaufik),cerah133.jpg
Cerah_0134.jpg,Cerah,Source 2 (jonathanvitotaufik),cerah134.jpg
Cerah_0135.jpg,Cerah,Source 2 (jonathanvitotaufik),cerah135.jpg
Cerah_0136.jpg,Cerah,Source 2 (jonathanvitotaufik),cerah136.jpg
Cerah_0137.jpg,Cerah,Source 2 (jonathanvitotaufik),cerah137.jpg
Cerah_0138.jpg,Cerah,Source 2 (jonathanvitotaufik),cerah138.jpg
Cerah_0139.jpg,Cerah,Source 2 (jonathanvitotaufik),cerah139.jpg
Cerah_0140.jpg,Cerah,Source 2 (jonathanvitotaufik),cerah140.jpg
Cerah_0141.jpg,Cerah,Source 2 (jonathanvitotaufik),cerah141.jpg
Cerah_0142.jpg,Cerah,Source 2 (jonathanvitotaufik),cerah142.jpg
Cerah_0143.jpg,Cerah,Source 2 (jonathanvitotaufik),cerah143.jpg
Cerah_0144.jpg,Cerah,Source 2 (jonathanvitotaufik),cerah144.jpg
Cerah_0145.jpg,Cerah,Source 2 (jonathanvitotaufik),cerah145.jpg
Cerah_0146.jpg,Cerah,Source 2 (jonathanvitotaufik),cerah146.jpg
Cerah_0147.jpg,Cerah,Source 2 (jonathanvitotaufik),cerah147.jpg
Cerah_0148.jpg,Cerah,Source 2 (jonathanvitotaufik),cerah148.jpg
Cerah_0149.jpg,Cerah,Source 2 (jonathanvitotaufik),cerah149.jpg
Cerah_0150.jpg,Cerah,Source 2 (jonathanvitotaufik),cerah150.jpg
Cerah_0151.jpg,Cerah,Source 2 (jonathanvitotaufik),cerah151.jpg
Cerah_0152.jpg,Cerah,Source 2 (jonathanvitotaufik),cerah152.jpg
Cerah_0153.jpg,Cerah,Source 2 (jonathanvitotaufik),cerah153.jpg
Cerah_0154.jpg,Cerah,Source 2 (jonathanvitotaufik),cerah154.jpg
Cerah_0155.jpg,Cerah,Source 2 (jonathanvitotaufik),cerah155.jpg
Cerah_0156.jpg,Cerah,Source 2 (jonathanvitotaufik),cerah156.jpg
Cerah_0157.jpg,Cerah,Source 2 (jonathanvitotaufik),cerah157.jpg
Cerah_0158.jpg,Cerah,Source 2 (jonathanvitotaufik),cerah158.jpg
Cerah_0159.jpg,Cerah,Source 2 (jonathanvitotaufik),cerah159.jpg
Cerah_0160.jpg,Cerah,Source 2 (jonathanvitotaufik),cerah160.jpg
Cerah_0161.jpg,Cerah,Source 2 (jonathanvitotaufik),cerah161.jpg
Cerah_0162.jpg,Cerah,Source 2 (jonathanvitotaufik),cerah162.jpg
Cerah_0163.jpg,Cerah,Source 2 (jonathanvitotaufik),cerah163.jpg
Cerah_0164.jpg,Cerah,Source 2 (jonathanvitotaufik),cerah164.jpg
Cerah_0165.jpg,Cerah,Source 2 (jonathanvitotaufik),cerah165.jpg
Cerah_0166.jpg,Cerah,Source 2 (jonathanvitotaufik),cerah166.jpg
Cerah_0167.jpg,Cerah,Source 2 (jonathanvitotaufik),cerah167.jpg
Cerah_0168.jpg,Cerah,Source 2 (jonathanvitotaufik),cerah168.jpg
Cerah_0169.jpg,Cerah,Source 2 (jonathanvitotaufik),cerah169.jpg
Cerah_0170.jpg,Cerah,Source 2 (jonathanvitotaufik),cerah170.jpg
Hujan_0001.jpg,Hujan,Source 2 (jonathanvitotaufik),hujan001.jpg
Hujan_0002.jpg,Hujan,Source 2 (jonathanvitotaufik),hujan002.jpg
Hujan_0003.jpg,Hujan,Source 2 (jonathanvitotaufik),hujan003.jpg
Hujan_0004.jpg,Hujan,Source 2 (jonathanvitotaufik),hujan004.jpg
Hujan_0005.jpg,Hujan,Source 2 (jonathanvitotaufik),hujan005.jpg
Hujan_0006.jpg,Hujan,Source 2 (jonathanvitotaufik),hujan006.jpg
Hujan_0007.jpg,Hujan,Source 2 (jonathanvitotaufik),hujan007.jpg
Hujan_0008.jpg,Hujan,Source 2 (jonathanvitotaufik),hujan008.jpg
Hujan_0009.jpg,Hujan,Source 2 (jonathanvitotaufik),hujan009.jpg
Hujan_0010.jpg,Hujan,Source 2 (jonathanvitotaufik),hujan010.jpg
Hujan_0011.jpg,Hujan,Source 2 (jonathanvitotaufik),hujan011.jpg
Hujan_0012.jpg,Hujan,Source 2 (jonathanvitotaufik),hujan012.jpg
Hujan_0013.jpg,Hujan,Source 2 (jonathanvitotaufik),hujan013.jpg
Hujan_0014.jpg,Hujan,Source 2 (jonathanvitotaufik),hujan014.jpg
Hujan_0015.jpg,Hujan,Source 2 (jonathanvitotaufik),hujan015.jpg
Hujan_0016.jpg,Hujan,Source 2 (jonathanvitotaufik),hujan016.jpg
Hujan_0017.jpg,Hujan,Source 2 (jonathanvitotaufik),hujan017.jpg
Hujan_0018.jpg,Hujan,Source 2 (jonathanvitotaufik),hujan018.jpg
Hujan_0019.jpg,Hujan,Source 2 (jonathanvitotaufik),hujan019.jpg
Hujan_0020.jpg,Hujan,Source 2 (jonathanvitotaufik),hujan020.jpg
Hujan_0021.jpg,Hujan,Source 2 (jonathanvitotaufik),hujan021.jpg
Hujan_0022.jpg,Hujan,Source 2 (jonathanvitotaufik),hujan022.jpg
Hujan_0023.jpg,Hujan,Source 2 (jonathanvitotaufik),hujan023.jpg
Hujan_0024.jpg,Hujan,Source 2 (jonathanvitotaufik),hujan024.jpg
Hujan_0025.jpg,Hujan,Source 2 (jonathanvitotaufik),hujan025.jpg
Hujan_0026.jpg,Hujan,Source 2 (jonathanvitotaufik),hujan026.jpg
Hujan_0027.jpg,Hujan,Source 2 (jonathanvitotaufik),hujan027.jpg
Hujan_0028.jpg,Hujan,Source 2 (jonathanvitotaufik),hujan028.jpg
Hujan_0029.jpg,Hujan,Source 2 (jonathanvitotaufik),hujan029.jpg
Hujan_0030.jpg,Hujan,Source 2 (jonathanvitotaufik),hujan030.jpg
Hujan_0031.jpg,Hujan,Source 2 (jonathanvitotaufik),hujan031.jpg
Hujan_0032.jpg,Hujan,Source 2 (jonathanvitotaufik),hujan032.jpg
Hujan_0033.jpg,Hujan,Source 2 (jonathanvitotaufik),hujan033.jpg
Hujan_0034.jpg,Hujan,Source 2 (jonathanvitotaufik),hujan034.jpg
Hujan_0035.jpg,Hujan,Source 2 (jonathanvitotaufik),hujan035.jpg
Hujan_0036.jpg,Hujan,Source 2 (jonathanvitotaufik),hujan036.jpg
Hujan_0037.jpg,Hujan,Source 2 (jonathanvitotaufik),hujan037.jpg
Hujan_0038.jpg,Hujan,Source 2 (jonathanvitotaufik),hujan038.jpg
Hujan_0039.jpg,Hujan,Source 2 (jonathanvitotaufik),hujan039.jpg
Hujan_0040.jpg,Hujan,Source 2 (jonathanvitotaufik),hujan040.jpg
Hujan_0041.jpg,Hujan,Source 2 (jonathanvitotaufik),hujan041.jpg
Hujan_0042.jpg,Hujan,Source 2 (jonathanvitotaufik),hujan042.jpg
Hujan_0043.jpg,Hujan,Source 2 (jonathanvitotaufik),hujan043.jpg
Hujan_0044.jpg,Hujan,Source 2 (jonathanvitotaufik),hujan044.jpg
Hujan_0045.jpg,Hujan,Source 2 (jonathanvitotaufik),hujan045.jpg
Hujan_0046.jpg,Hujan,Source 2 (jonathanvitotaufik),hujan046.jpg
Hujan_0047.jpg,Hujan,Source 2 (jonathanvitotaufik),hujan047.jpg
Hujan_0048.jpg,Hujan,Source 2 (jonathanvitotaufik),hujan048.jpg
Hujan_0049.jpg,Hujan,Source 2 (jonathanvitotaufik),hujan049.jpg
Hujan_0050.jpg,Hujan,Source 2 (jonathanvitotaufik),hujan050.jpg
Hujan_0051.jpg,Hujan,Source 2 (jonathanvitotaufik),hujan051.jpg
Hujan_0052.jpg,Hujan,Source 2 (jonathanvitotaufik),hujan052.jpg
Hujan_0053.jpg,Hujan,Source 2 (jonathanvitotaufik),hujan053.jpg
Hujan_0054.jpg,Hujan,Source 2 (jonathanvitotaufik),hujan054.jpg
Hujan_0055.jpg,Hujan,Source 2 (jonathanvitotaufik),hujan055.jpg
Hujan_0056.jpg,Hujan,Source 2 (jonathanvitotaufik),hujan056.jpg
Hujan_0057.jpg,Hujan,Source 2 (jonathanvitotaufik),hujan057.jpg
Hujan_0058.jpg,Hujan,Source 2 (jonathanvitotaufik),hujan058.jpg
Hujan_0059.jpg,Hujan,Source 2 (jonathanvitotaufik),hujan059.jpg
Hujan_0060.jpg,Hujan,Source 2 (jonathanvitotaufik),hujan060.jpg
Hujan_0061.jpg,Hujan,Source 2 (jonathanvitotaufik),hujan061.jpg
Hujan_0062.jpg,Hujan,Source 2 (jonathanvitotaufik),hujan062.jpg
Hujan_0063.jpg,Hujan,Source 2 (jonathanvitotaufik),hujan063.jpg
Hujan_0064.jpg,Hujan,Source 2 (jonathanvitotaufik),hujan064.jpg
Hujan_0065.jpg,Hujan,Source 2 (jonathanvitotaufik),hujan065.jpg
Hujan_0066.jpg,Hujan,Source 2 (jonathanvitotaufik),hujan066.jpg
Hujan_0067.jpg,Hujan,Source 2 (jonathanvitotaufik),hujan067.jpg
Hujan_0068.jpg,Hujan,Source 2 (jonathanvitotaufik),hujan068.jpg
Hujan_0069.jpg,Hujan,Source 2 (jonathanvitotaufik),hujan069.jpg
Hujan_0070.jpg,Hujan,Source 2 (jonathanvitotaufik),hujan070.jpg
Hujan_0071.jpg,Hujan,Source 2 (jonathanvitotaufik),hujan071.jpg
Hujan_0072.jpg,Hujan,Source 2 (jonathanvitotaufik),hujan072.jpg
Hujan_0073.jpg,Hujan,Source 2 (jonathanvitotaufik),hujan073.jpg
Hujan_0074.jpg,Hujan,Source 2 (jonathanvitotaufik),hujan074.jpg
Hujan_0075.jpg,Hujan,Source 2 (jonathanvitotaufik),hujan075.jpg
Hujan_0076.jpg,Hujan,Source 2 (jonathanvitotaufik),hujan076.jpg
Hujan_0077.jpg,Hujan,Source 2 (jonathanvitotaufik),hujan077.jpg
Hujan_0078.jpg,Hujan,Source 2 (jonathanvitotaufik),hujan078.jpg
Hujan_0079.jpg,Hujan,Source 2 (jonathanvitotaufik),hujan079.jpg
Hujan_0080.jpg,Hujan,Source 2 (jonathanvitotaufik),hujan080.jpg
Hujan_0081.jpg,Hujan,Source 2 (jonathanvitotaufik),hujan081.jpg
Hujan_0082.jpg,Hujan,Source 2 (jonathanvitotaufik),hujan082.jpg
Hujan_0083.jpg,Hujan,Source 2 (jonathanvitotaufik),hujan083.jpg
Hujan_0084.jpg,Hujan,Source 2 (jonathanvitotaufik),hujan084.jpg
Hujan_0085.jpg,Hujan,Source 2 (jonathanvitotaufik),hujan085.jpg
Hujan_0086.jpg,Hujan,Source 2 (jonathanvitotaufik),hujan086.jpg
Hujan_0087.jpg,Hujan,Source 2 (jonathanvitotaufik),hujan087.jpg
Hujan_0088.jpg,Hujan,Source 2 (jonathanvitotaufik),hujan088.jpg
Hujan_0089.jpg,Hujan,Source 2 (jonathanvitotaufik),hujan089.jpg
Hujan_0090.jpg,Hujan,Source 2 (jonathanvitotaufik),hujan090.jpg
Hujan_0091.jpg,Hujan,Source 2 (jonathanvitotaufik),hujan091.jpg
Hujan_0092.jpg,Hujan,Source 2 (jonathanvitotaufik),hujan092.jpg
Hujan_0093.jpg,Hujan,Source 2 (jonathanvitotaufik),hujan093.jpg
Hujan_0094.jpg,Hujan,Source 2 (jonathanvitotaufik),hujan094.jpg
Hujan_0095.jpg,Hujan,Source 2 (jonathanvitotaufik),hujan095.jpg
Hujan_0096.jpg,Hujan,Source 2 (jonathanvitotaufik),hujan096.jpg
Hujan_0097.jpg,Hujan,Source 2 (jonathanvitotaufik),hujan097.jpg
Hujan_0098.jpg,Hujan,Source 2 (jonathanvitotaufik),hujan098.jpg
Hujan_0099.jpg,Hujan,Source 2 (jonathanvitotaufik),hujan099.jpg
Hujan_0100.jpg,Hujan,Source 2 (jonathanvitotaufik),hujan100.jpg
Hujan_0101.jpg,Hujan,Source 2 (jonathanvitotaufik),hujan101.jpg
Hujan_0102.jpg,Hujan,Source 2 (jonathanvitotaufik),hujan102.jpg
Hujan_0103.jpg,Hujan,Source 2 (jonathanvitotaufik),hujan103.jpg
Hujan_0104.jpg,Hujan,Source 2 (jonathanvitotaufik),hujan104.jpg
Hujan_0105.jpg,Hujan,Source 2 (jonathanvitotaufik),hujan105.jpg
Hujan_0106.jpg,Hujan,Source 2 (jonathanvitotaufik),hujan106.jpg
Hujan_0107.jpg,Hujan,Source 2 (jonathanvitotaufik),hujan107.jpg
Hujan_0108.jpg,Hujan,Source 2 (jonathanvitotaufik),hujan108.jpg
Hujan_0109.jpg,Hujan,Source 2 (jonathanvitotaufik),hujan109.jpg
Hujan_0110.jpg,Hujan,Source 2 (jonathanvitotaufik),hujan110.jpg
Hujan_0111.jpg,Hujan,Source 2 (jonathanvitotaufik),hujan111.jpg
Hujan_0112.jpg,Hujan,Source 2 (jonathanvitotaufik),hujan112.jpg
Hujan_0113.jpg,Hujan,Source 2 (jonathanvitotaufik),hujan113.jpg
Hujan_0114.jpg,Hujan,Source 2 (jonathanvitotaufik),hujan114.jpg
Hujan_0115.jpg,Hujan,Source 2 (jonathanvitotaufik),hujan115.jpg
Hujan_0116.jpg,Hujan,Source 2 (jonathanvitotaufik),hujan116.jpg
Hujan_0117.jpg,Hujan,Source 2 (jonathanvitotaufik),hujan117.jpg
Hujan_0118.jpg,Hujan,Source 2 (jonathanvitotaufik),hujan118.jpg
Hujan_0119.jpg,Hujan,Source 2 (jonathanvitotaufik),hujan119.jpg
Hujan_0120.jpg,Hujan,Source 2 (jonathanvitotaufik),hujan120.jpg
Hujan_0121.jpg,Hujan,Source 2 (jonathanvitotaufik),hujan121.jpg
Hujan_0122.jpg,Hujan,Source 2 (jonathanvitotaufik),hujan122.jpg
Hujan_0123.jpg,Hujan,Source 2 (jonathanvitotaufik),hujan123.jpg
Hujan_0124.jpg,Hujan,Source 2 (jonathanvitotaufik),hujan124.jpg
Hujan_0125.jpg,Hujan,Source 2 (jonathanvitotaufik),hujan125.jpg
Hujan_0126.jpg,Hujan,Source 2 (jonathanvitotaufik),hujan126.jpg
Hujan_0127.jpg,Hujan,Source 2 (jonathanvitotaufik),hujan127.jpg
Hujan_0128.jpg,Hujan,Source 2 (jonathanvitotaufik),hujan128.jpg
Hujan_0129.jpg,Hujan,Source 2 (jonathanvitotaufik),hujan129.jpg
Hujan_0130.jpg,Hujan,Source 2 (jonathanvitotaufik),hujan130.jpg
Hujan_0131.jpg,Hujan,Source 2 (jonathanvitotaufik),hujan131.jpg
Hujan_0132.jpg,Hujan,Source 2 (jonathanvitotaufik),hujan132.jpg
Hujan_0133.jpg,Hujan,Source 2 (jonathanvitotaufik),hujan133.jpg
Hujan_0134.jpg,Hujan,Source 2 (jonathanvitotaufik),hujan134.jpg
Hujan_0135.jpg,Hujan,Source 2 (jonathanvitotaufik),hujan135.jpg
Hujan_0136.jpg,Hujan,Source 2 (jonathanvitotaufik),hujan136.jpg
Hujan_0137.jpg,Hujan,Source 2 (jonathanvitotaufik),hujan137.jpg
Hujan_0138.jpg,Hujan,Source 2 (jonathanvitotaufik),hujan138.jpg
Hujan_0139.jpg,Hujan,Source 2 (jonathanvitotaufik),hujan139.jpg
Hujan_0140.jpg,Hujan,Source 2 (jonathanvitotaufik),hujan140.jpg
Hujan_0141.jpg,Hujan,Source 2 (jonathanvitotaufik),hujan141.jpg
Hujan_0142.jpg,Hujan,Source 2 (jonathanvitotaufik),hujan142.jpg
Hujan_0143.jpg,Hujan,Source 2 (jonathanvitotaufik),hujan143.jpg
Hujan_0144.jpg,Hujan,Source 2 (jonathanvitotaufik),hujan144.jpg
Hujan_0145.jpg,Hujan,Source 2 (jonathanvitotaufik),hujan145.jpg
Hujan_0146.jpg,Hujan,Source 2 (jonathanvitotaufik),hujan146.jpg
Hujan_0147.jpg,Hujan,Source 2 (jonathanvitotaufik),hujan147.jpg
Hujan_0148.jpg,Hujan,Source 2 (jonathanvitotaufik),hujan148.jpg
Hujan_0149.jpg,Hujan,Source 2 (jonathanvitotaufik),hujan149.jpg
Hujan_0150.jpg,Hujan,Source 2 (jonathanvitotaufik),hujan150.jpg
Hujan_0151.jpg,Hujan,Source 2 (jonathanvitotaufik),hujan151.jpg
Hujan_0152.jpg,Hujan,Source 2 (jonathanvitotaufik),hujan152.jpg
Hujan_0153.jpg,Hujan,Source 2 (jonathanvitotaufik),hujan153.jpg
Hujan_0154.jpg,Hujan,Source 2 (jonathanvitotaufik),hujan154.jpg
Hujan_0155.jpg,Hujan,Source 2 (jonathanvitotaufik),hujan155.jpg
Hujan_0156.jpg,Hujan,Source 2 (jonathanvitotaufik),hujan156.jpg
Hujan_0157.jpg,Hujan,Source 2 (jonathanvitotaufik),hujan157.jpg
Hujan_0158.jpg,Hujan,Source 2 (jonathanvitotaufik),hujan158.jpg
Hujan_0159.jpg,Hujan,Source 2 (jonathanvitotaufik),hujan159.jpg
Hujan_0160.jpg,Hujan,Source 2 (jonathanvitotaufik),hujan160.jpg
Hujan_0161.jpg,Hujan,Source 2 (jonathanvitotaufik),hujan161.jpg
Hujan_0162.jpg,Hujan,Source 2 (jonathanvitotaufik),hujan162.jpg
Hujan_0163.jpg,Hujan,Source 2 (jonathanvitotaufik),hujan163.jpg
Hujan_0164.jpg,Hujan,Source 2 (jonathanvitotaufik),hujan164.jpg
Hujan_0165.jpg,Hujan,Source 2 (jonathanvitotaufik),hujan165.jpg
Hujan_0166.jpg,Hujan,Source 2 (jonathanvitotaufik),hujan166.jpg
Hujan_0167.jpg,Hujan,Source 2 (jonathanvitotaufik),hujan167.jpg
Hujan_0168.jpg,Hujan,Source 2 (jonathanvitotaufik),hujan168.jpg
Hujan_0169.jpg,Hujan,Source 2 (jonathanvitotaufik),hujan169.jpg
Hujan_0170.jpg,Hujan,Source 2 (jonathanvitotaufik),hujan170.jpg
Mendung_0001.jpg,Mendung,Source 2 (jonathanvitotaufik),mendung001.jpg
Mendung_0002.jpg,Mendung,Source 2 (jonathanvitotaufik),mendung002.jpg
Mendung_0003.jpg,Mendung,Source 2 (jonathanvitotaufik),mendung003.jpg
Mendung_0004.jpg,Mendung,Source 2 (jonathanvitotaufik),mendung004.jpg
Mendung_0005.jpg,Mendung,Source 2 (jonathanvitotaufik),mendung005.jpg
Mendung_0006.jpg,Mendung,Source 2 (jonathanvitotaufik),mendung006.jpg
Mendung_0007.jpg,Mendung,Source 2 (jonathanvitotaufik),mendung007.jpg
Mendung_0008.jpg,Mendung,Source 2 (jonathanvitotaufik),mendung008.jpg
Mendung_0009.jpg,Mendung,Source 2 (jonathanvitotaufik),mendung009.jpg
Mendung_0010.jpg,Mendung,Source 2 (jonathanvitotaufik),mendung010.jpg
Mendung_0011.jpg,Mendung,Source 2 (jonathanvitotaufik),mendung011.jpg
Mendung_0012.jpg,Mendung,Source 2 (jonathanvitotaufik),mendung012.jpg
Mendung_0013.jpg,Mendung,Source 2 (jonathanvitotaufik),mendung013.jpg
Mendung_0014.jpg,Mendung,Source 2 (jonathanvitotaufik),mendung014.jpg
Mendung_0015.jpg,Mendung,Source 2 (jonathanvitotaufik),mendung015.jpg
Mendung_0016.jpg,Mendung,Source 2 (jonathanvitotaufik),mendung016.jpg
Mendung_0017.jpg,Mendung,Source 2 (jonathanvitotaufik),mendung017.jpg
Mendung_0018.jpg,Mendung,Source 2 (jonathanvitotaufik),mendung018.jpg
Mendung_0019.jpg,Mendung,Source 2 (jonathanvitotaufik),mendung019.jpg
Mendung_0020.jpg,Mendung,Source 2 (jonathanvitotaufik),mendung020.jpg
Mendung_0021.jpg,Mendung,Source 2 (jonathanvitotaufik),mendung021.jpg
Mendung_0022.jpg,Mendung,Source 2 (jonathanvitotaufik),mendung022.jpg
Mendung_0023.jpg,Mendung,Source 2 (jonathanvitotaufik),mendung023.jpg
Mendung_0024.jpg,Mendung,Source 2 (jonathanvitotaufik),mendung024.jpg
Mendung_0025.jpg,Mendung,Source 2 (jonathanvitotaufik),mendung025.jpg
Mendung_0026.jpg,Mendung,Source 2 (jonathanvitotaufik),mendung026.jpg
Mendung_0027.jpg,Mendung,Source 2 (jonathanvitotaufik),mendung027.jpg
Mendung_0028.jpg,Mendung,Source 2 (jonathanvitotaufik),mendung028.jpg
Mendung_0029.jpg,Mendung,Source 2 (jonathanvitotaufik),mendung029.jpg
Mendung_0030.jpg,Mendung,Source 2 (jonathanvitotaufik),mendung030.jpg
Mendung_0031.jpg,Mendung,Source 2 (jonathanvitotaufik),mendung031.jpg
Mendung_0032.jpg,Mendung,Source 2 (jonathanvitotaufik),mendung032.jpg
Mendung_0033.jpg,Mendung,Source 2 (jonathanvitotaufik),mendung033.jpg
Mendung_0034.jpg,Mendung,Source 2 (jonathanvitotaufik),mendung034.jpg
Mendung_0035.jpg,Mendung,Source 2 (jonathanvitotaufik),mendung035.jpg
Mendung_0036.jpg,Mendung,Source 2 (jonathanvitotaufik),mendung036.jpg
Mendung_0037.jpg,Mendung,Source 2 (jonathanvitotaufik),mendung037.jpg
Mendung_0038.jpg,Mendung,Source 2 (jonathanvitotaufik),mendung038.jpg
Mendung_0039.jpg,Mendung,Source 2 (jonathanvitotaufik),mendung039.jpg
Mendung_0040.jpg,Mendung,Source 2 (jonathanvitotaufik),mendung040.jpg
Mendung_0041.jpg,Mendung,Source 2 (jonathanvitotaufik),mendung041.jpg
Mendung_0042.jpg,Mendung,Source 2 (jonathanvitotaufik),mendung042.jpg
Mendung_0043.jpg,Mendung,Source 2 (jonathanvitotaufik),mendung043.jpg
Mendung_0044.jpg,Mendung,Source 2 (jonathanvitotaufik),mendung044.jpg
Mendung_0045.jpg,Mendung,Source 2 (jonathanvitotaufik),mendung045.jpg
Mendung_0046.jpg,Mendung,Source 2 (jonathanvitotaufik),mendung046.jpg
Mendung_0047.jpg,Mendung,Source 2 (jonathanvitotaufik),mendung047.jpg
Mendung_0048.jpg,Mendung,Source 2 (jonathanvitotaufik),mendung048.jpg
Mendung_0049.jpg,Mendung,Source 2 (jonathanvitotaufik),mendung049.jpg
Mendung_0050.jpg,Mendung,Source 2 (jonathanvitotaufik),mendung050.jpg
Mendung_0051.jpg,Mendung,Source 2 (jonathanvitotaufik),mendung051.jpg
Mendung_0052.jpg,Mendung,Source 2 (jonathanvitotaufik),mendung052.jpg
Mendung_0053.jpg,Mendung,Source 2 (jonathanvitotaufik),mendung053.jpg
Mendung_0054.jpg,Mendung,Source 2 (jonathanvitotaufik),mendung054.jpg
Mendung_0055.jpg,Mendung,Source 2 (jonathanvitotaufik),mendung055.jpg
Mendung_0056.jpg,Mendung,Source 2 (jonathanvitotaufik),mendung056.jpg
Mendung_0057.jpg,Mendung,Source 2 (jonathanvitotaufik),mendung057.jpg
Mendung_0058.jpg,Mendung,Source 2 (jonathanvitotaufik),mendung058.jpg
Mendung_0059.jpg,Mendung,Source 2 (jonathanvitotaufik),mendung059.jpg
Mendung_0060.jpg,Mendung,Source 2 (jonathanvitotaufik),mendung060.jpg
Mendung_0061.jpg,Mendung,Source 2 (jonathanvitotaufik),mendung061.jpg
Mendung_0062.jpg,Mendung,Source 2 (jonathanvitotaufik),mendung062.jpg
Mendung_0063.jpg,Mendung,Source 2 (jonathanvitotaufik),mendung063.jpg
Mendung_0064.jpg,Mendung,Source 2 (jonathanvitotaufik),mendung064.jpg
Mendung_0065.jpg,Mendung,Source 2 (jonathanvitotaufik),mendung065.jpg
Mendung_0066.jpg,Mendung,Source 2 (jonathanvitotaufik),mendung066.jpg
Mendung_0067.jpg,Mendung,Source 2 (jonathanvitotaufik),mendung067.jpg
Mendung_0068.jpg,Mendung,Source 2 (jonathanvitotaufik),mendung068.jpg
Mendung_0069.jpg,Mendung,Source 2 (jonathanvitotaufik),mendung069.jpg
Mendung_0070.jpg,Mendung,Source 2 (jonathanvitotaufik),mendung070.jpg
Mendung_0071.jpg,Mendung,Source 2 (jonathanvitotaufik),mendung071.jpg
Mendung_0072.jpg,Mendung,Source 2 (jonathanvitotaufik),mendung072.jpg
Mendung_0073.jpg,Mendung,Source 2 (jonathanvitotaufik),mendung073.jpg
Mendung_0074.jpg,Mendung,Source 2 (jonathanvitotaufik),mendung074.jpg
Mendung_0075.jpg,Mendung,Source 2 (jonathanvitotaufik),mendung075.jpg
Mendung_0076.jpg,Mendung,Source 2 (jonathanvitotaufik),mendung076.jpg
Mendung_0077.jpg,Mendung,Source 2 (jonathanvitotaufik),mendung077.jpg
Mendung_0078.jpg,Mendung,Source 2 (jonathanvitotaufik),mendung078.jpg
Mendung_0079.jpg,Mendung,Source 2 (jonathanvitotaufik),mendung079.jpg
Mendung_0080.jpg,Mendung,Source 2 (jonathanvitotaufik),mendung080.jpg
Mendung_0081.jpg,Mendung,Source 2 (jonathanvitotaufik),mendung081.jpg
Mendung_0082.jpg,Mendung,Source 2 (jonathanvitotaufik),mendung082.jpg
Mendung_0083.jpg,Mendung,Source 2 (jonathanvitotaufik),mendung083.jpg
Mendung_0084.jpg,Mendung,Source 2 (jonathanvitotaufik),mendung084.jpg
Mendung_0085.jpg,Mendung,Source 2 (jonathanvitotaufik),mendung085.jpg
Mendung_0086.jpg,Mendung,Source 2 (jonathanvitotaufik),mendung086.jpg
Mendung_0087.jpg,Mendung,Source 2 (jonathanvitotaufik),mendung087.jpg
Mendung_0088.jpg,Mendung,Source 2 (jonathanvitotaufik),mendung088.jpg
Mendung_0089.jpg,Mendung,Source 2 (jonathanvitotaufik),mendung089.jpg
Mendung_0090.jpg,Mendung,Source 2 (jonathanvitotaufik),mendung090.jpg
Mendung_0091.jpg,Mendung,Source 2 (jonathanvitotaufik),mendung091.jpg
Mendung_0092.jpg,Mendung,Source 2 (jonathanvitotaufik),mendung092.jpg
Mendung_0093.jpg,Mendung,Source 2 (jonathanvitotaufik),mendung093.jpg
Mendung_0094.jpg,Mendung,Source 2 (jonathanvitotaufik),mendung094.jpg
Mendung_0095.jpg,Mendung,Source 2 (jonathanvitotaufik),mendung095.jpg
Mendung_0096.jpg,Mendung,Source 2 (jonathanvitotaufik),mendung096.jpg
Mendung_0097.jpg,Mendung,Source 2 (jonathanvitotaufik),mendung097.jpg
Mendung_0098.jpg,Mendung,Source 2 (jonathanvitotaufik),mendung098.jpg
Mendung_0099.jpg,Mendung,Source 2 (jonathanvitotaufik),mendung099.jpg
Mendung_0100.jpg,Mendung,Source 2 (jonathanvitotaufik),mendung100.jpg
Mendung_0101.jpg,Mendung,Source 2 (jonathanvitotaufik),mendung101.jpg
Mendung_0102.jpg,Mendung,Source 2 (jonathanvitotaufik),mendung102.jpg
Mendung_0103.jpg,Mendung,Source 2 (jonathanvitotaufik),mendung103.jpg
Mendung_0104.jpg,Mendung,Source 2 (jonathanvitotaufik),mendung104.jpg
Mendung_0105.jpg,Mendung,Source 2 (jonathanvitotaufik),mendung105.jpg
Mendung_0106.jpg,Mendung,Source 2 (jonathanvitotaufik),mendung106.jpg
Mendung_0107.jpg,Mendung,Source 2 (jonathanvitotaufik),mendung107.jpg
Mendung_0108.jpg,Mendung,Source 2 (jonathanvitotaufik),mendung108.jpg
Mendung_0109.jpg,Mendung,Source 2 (jonathanvitotaufik),mendung109.jpg
Mendung_0110.jpg,Mendung,Source 2 (jonathanvitotaufik),mendung110.jpg
Mendung_0111.jpg,Mendung,Source 2 (jonathanvitotaufik),mendung111.jpg
Mendung_0112.jpg,Mendung,Source 2 (jonathanvitotaufik),mendung112.jpg
Mendung_0113.jpg,Mendung,Source 2 (jonathanvitotaufik),mendung113.jpg
Mendung_0114.jpg,Mendung,Source 2 (jonathanvitotaufik),mendung114.jpg
Mendung_0115.jpg,Mendung,Source 2 (jonathanvitotaufik),mendung115.jpg
Mendung_0116.jpg,Mendung,Source 2 (jonathanvitotaufik),mendung116.jpg
Mendung_0117.jpg,Mendung,Source 2 (jonathanvitotaufik),mendung117.jpg
Mendung_0118.jpg,Mendung,Source 2 (jonathanvitotaufik),mendung118.jpg
Mendung_0119.jpg,Mendung,Source 2 (jonathanvitotaufik),mendung119.jpg
Mendung_0120.jpg,Mendung,Source 2 (jonathanvitotaufik),mendung120.jpg
Mendung_0121.jpg,Mendung,Source 2 (jonathanvitotaufik),mendung121.jpg
Mendung_0122.jpg,Mendung,Source 2 (jonathanvitotaufik),mendung122.jpg
Mendung_0123.jpg,Mendung,Source 2 (jonathanvitotaufik),mendung123.jpg
Mendung_0124.jpg,Mendung,Source 2 (jonathanvitotaufik),mendung124.jpg
Mendung_0125.jpg,Mendung,Source 2 (jonathanvitotaufik),mendung125.jpg
Mendung_0126.jpg,Mendung,Source 2 (jonathanvitotaufik),mendung126.jpg
Mendung_0127.jpg,Mendung,Source 2 (jonathanvitotaufik),mendung127.jpg
Mendung_0128.jpg,Mendung,Source 2 (jonathanvitotaufik),mendung128.jpg
Mendung_0129.jpg,Mendung,Source 2 (jonathanvitotaufik),mendung129.jpg
Mendung_0130.jpg,Mendung,Source 2 (jonathanvitotaufik),mendung130.jpg
Mendung_0131.jpg,Mendung,Source 2 (jonathanvitotaufik),mendung131.jpg
Mendung_0132.jpg,Mendung,Source 2 (jonathanvitotaufik),mendung132.jpg
Mendung_0133.jpg,Mendung,Source 2 (jonathanvitotaufik),mendung133.jpg
Mendung_0134.jpg,Mendung,Source 2 (jonathanvitotaufik),mendung134.jpg
Mendung_0135.jpg,Mendung,Source 2 (jonathanvitotaufik),mendung135.jpg
Mendung_0136.jpg,Mendung,Source 2 (jonathanvitotaufik),mendung136.jpg
Mendung_0137.jpg,Mendung,Source 2 (jonathanvitotaufik),mendung137.jpg
Mendung_0138.jpg,Mendung,Source 2 (jonathanvitotaufik),mendung138.jpg
Mendung_0139.jpg,Mendung,Source 2 (jonathanvitotaufik),mendung139.jpg
Mendung_0140.jpg,Mendung,Source 2 (jonathanvitotaufik),mendung140.jpg
Mendung_0141.jpg,Mendung,Source 2 (jonathanvitotaufik),mendung141.jpg
Mendung_0142.jpg,Mendung,Source 2 (jonathanvitotaufik),mendung142.jpg
Mendung_0143.jpg,Mendung,Source 2 (jonathanvitotaufik),mendung143.jpg
Mendung_0144.jpg,Mendung,Source 2 (jonathanvitotaufik),mendung144.jpg
Mendung_0145.jpg,Mendung,Source 2 (jonathanvitotaufik),mendung145.jpg
Mendung_0146.jpg,Mendung,Source 2 (jonathanvitotaufik),mendung146.jpg
Mendung_0147.jpg,Mendung,Source 2 (jonathanvitotaufik),mendung147.jpg
Mendung_0148.jpg,Mendung,Source 2 (jonathanvitotaufik),mendung148.jpg
Mendung_0149.jpg,Mendung,Source 2 (jonathanvitotaufik),mendung149.jpg
Mendung_0150.jpg,Mendung,Source 2 (jonathanvitotaufik),mendung150.jpg
Mendung_0151.jpg,Mendung,Source 2 (jonathanvitotaufik),mendung151.jpg
Mendung_0152.jpg,Mendung,Source 2 (jonathanvitotaufik),mendung152.jpg
Mendung_0153.jpg,Mendung,Source 2 (jonathanvitotaufik),mendung153.jpg
Mendung_0154.jpg,Mendung,Source 2 (jonathanvitotaufik),mendung154.jpg
Mendung_0155.jpg,Mendung,Source 2 (jonathanvitotaufik),mendung155.jpg
Mendung_0156.jpg,Mendung,Source 2 (jonathanvitotaufik),mendung156.jpg
Mendung_0157.jpg,Mendung,Source 2 (jonathanvitotaufik),mendung157.jpg
Mendung_0158.jpg,Mendung,Source 2 (jonathanvitotaufik),mendung158.jpg
Mendung_0159.jpg,Mendung,Source 2 (jonathanvitotaufik),mendung159.jpg
Mendung_0160.jpg,Mendung,Source 2 (jonathanvitotaufik),mendung160.jpg
Mendung_0161.jpg,Mendung,Source 2 (jonathanvitotaufik),mendung161.jpg
Mendung_0162.jpg,Mendung,Source 2 (jonathanvitotaufik),mendung162.jpg
Mendung_0163.jpg,Mendung,Source 2 (jonathanvitotaufik),mendung163.jpg
Mendung_0164.jpg,Mendung,Source 2 (jonathanvitotaufik),mendung164.jpg
Mendung_0165.jpg,Mendung,Source 2 (jonathanvitotaufik),mendung165.jpg
Mendung_0166.jpg,Mendung,Source 2 (jonathanvitotaufik),mendung166.jpg
Mendung_0167.jpg,Mendung,Source 2 (jonathanvitotaufik),mendung167.jpg
Mendung_0168.jpg,Mendung,Source 2 (jonathanvitotaufik),mendung168.jpg
Mendung_0169.jpg,Mendung,Source 2 (jonathanvitotaufik),mendung169.jpg
Mendung_0170.jpg,Mendung,Source 2 (jonathanvitotaufik),mendung170.jpg
